{"cameraMode":{"drawMode":0,"name":"Shaded","section":"Shading Mode"},"sceneLighting":true,"audioPlay":false,"sceneViewState":{"showFog":true,"showMaterialUpdate":false,"showSkybox":true,"showFlares":true,"showImageEffects":true,"showParticleSystems":true},"in2DMode":false,"pivot":{"x":-6.165672302246094,"y":6.469666481018066,"z":5.6607513427734379},"rotation":{"x":-0.09440390020608902,"y":0.07511313259601593,"z":-0.007142901886254549,"w":-0.9926706552505493},"size":12.790715217590332,"orthographic":false}