{"cameraMode":{"drawMode":0,"name":"Shaded","section":"Shading Mode"},"sceneLighting":false,"audioPlay":false,"sceneViewState":{"showFog":true,"showMaterialUpdate":false,"showSkybox":false,"showFlares":true,"showImageEffects":true,"showParticleSystems":true},"in2DMode":false,"pivot":{"x":-2.794694423675537,"y":5.789999961853027,"z":-1.026587724685669},"rotation":{"x":0.24058189988136292,"y":0.7567867040634155,"z":-0.39198562502861025,"w":0.46447986364364626},"size":1.4384363889694214,"orthographic":false}