{"cameraMode":{"drawMode":0,"name":"Shaded","section":"Shading Mode"},"sceneLighting":true,"audioPlay":false,"sceneViewState":{"showFog":true,"showMaterialUpdate":false,"showSkybox":true,"showFlares":true,"showImageEffects":true,"showParticleSystems":true},"in2DMode":false,"pivot":{"x":-5.287050724029541,"y":7.70465087890625,"z":3.2012135982513429},"rotation":{"x":0.03570036590099335,"y":0.8714045882225037,"z":-0.48504215478897097,"w":0.06413812935352326},"size":0.8083317875862122,"orthographic":false}